keywords,
sad,
earnings, 
election, 
futures, 
investor, 
low, 
market, 
nasdaq, 
north korea,
northkorea,
stock,
market, 
correction, 
trading, 
unemployment,
wall street,
china,
ban,
bull, 
kim, 
price, 
wallstreet,
high, 
corporate, 
global warming, 
tariff, 
tax cut, 
jobs, 
economy, 
trade, 
missile, 
nuclear,
wages,
maga,
rates, 
inflation, 
growth, 
dollar, 
Fed, 
Powell, 
Xi, 
tariffs, 
impeach, 
intent, 
continue, 
receive, 
hundred, 
billion, 
take, 
unfair, 
practice, 
currency, 
manipulation, 
stop, 
many, 
media,
great,
today,
fake,
big,
russia,
democrats,
country,
time,
failing,
obamacare,
america,
foxandfriends,
house,
nytimes,
make,
united,
healthcare,
forward,
white,
win ,
security,
tax,
judge,
minister,
deal,
decision,
wall, 
obama,
national,
support,
border,
tonight,
republicans,
washington,
administration,
optimism,
government,
executive,
talk,
vote,
illegal,
sanctions,
buy america,
hire america,
build,
factories,
labor,
